run,job_id,segment,step,reward_mean
standard,899298,899298-preflight,1,0.353515625
standard,899298,899298-preflight,2,0.337890625
standard,899298,899298,3,0.4072265625
standard,899298,899298,4,0.353515625
standard,899298,899298,5,0.330078125
standard,899298,899298,6,0.3701171875
standard,899298,899298,7,0.3662109375
standard,899298,899298,8,0.369140625
standard,899298,899298,9,0.4013671875
standard,899298,899298,10,0.4345703125
standard,899298,899298,11,0.3515625
standard,899298,899298,12,0.3779296875
standard,899298,899298,13,0.3876953125
standard,899298,899298,14,0.3515625
standard,899298,899298,15,0.359375
standard,899298,899298,16,0.39453125
standard,899298,899298,17,0.4052734375
standard,899298,899298,18,0.3857421875
standard,899298,899298,19,0.3671875
standard,899298,899298,20,0.3837890625
standard,899298,899298,21,0.37890625
standard,899298,899298,22,0.4228515625
standard,899298,899298,23,0.447265625
standard,899298,899298,24,0.431640625
standard,899298,899298,25,0.46484375
standard,899298,899298,26,0.3544921875
standard,899298,899298,27,0.380859375
standard,899298,899298,28,0.3642578125
standard,899298,899298,29,0.35546875
standard,899298,899298,30,0.408203125
standard,899298,899298,31,0.3935546875
standard,899298,899298,32,0.3369140625
standard,899298,899298,33,0.39453125
standard,899298,899298,34,0.427734375
standard,899298,899298,35,0.388671875
standard,899298,899298,36,0.3681640625
standard,899298,899298,37,0.4072265625
standard,899298,899298,38,0.41796875
standard,899298,899298,39,0.3701171875
standard,899298,899298,40,0.369140625
standard,899298,899298,41,0.427734375
standard,899298,899298,42,0.3505859375
standard,899298,899298,43,0.4443359375
standard,899298,899298,44,0.4658203125
standard,899298,899298,45,0.373046875
standard,899298,899298,46,0.4296875
standard,899298,899298,47,0.4013671875
standard,899298,899298,48,0.4033203125
standard,899298,899298,49,0.3974609375
standard,899298,899298,50,0.4140625
standard,899298,899298,51,0.4013671875
standard,899298,899298,52,0.453125
standard,899298,899298,53,0.484375
standard,899298,899298,54,0.427734375
standard,899298,899298,55,0.3955078125
standard,899298,899298,56,0.431640625
standard,899298,899298,57,0.3984375
standard,899298,899298,58,0.3583984375
standard,899298,899298,59,0.4609375
standard,899298,899298,60,0.4404296875
standard,899298,899298,61,0.4052734375
standard,899298,899298,62,0.455078125
standard,899298,899298,63,0.416015625
standard,899298,899298,64,0.373046875
standard,899298,899298,65,0.41015625
standard,899298,899298,66,0.427734375
standard,899298,899298,67,0.435546875
standard,899298,899298,68,0.4892578125
standard,899298,899298,69,0.4501953125
standard,899298,899298,70,0.447265625
standard,899298,899298,71,0.4169921875
standard,899298,899298,72,0.4765625
standard,899298,899298,73,0.4716796875
standard,899298,899298,74,0.482421875
standard,899298,899298,75,0.4267578125
standard,899298,899298,76,0.4619140625
standard,899298,899298,77,0.4091796875
standard,899298,899298,78,0.4423828125
standard,899298,899298,79,0.49609375
standard,899298,899298,80,0.4697265625
standard,899298,899298,81,0.5302734375
standard,899298,899298,82,0.455078125
standard,899298,899298,83,0.443359375
standard,899298,899298,84,0.3994140625
standard,899298,899298,85,0.5087890625
standard,899298,899298,86,0.4873046875
standard,899298,899298,87,0.5126953125
standard,899298,899298,88,0.537109375
standard,899298,899298,89,0.4326171875
standard,899298,899298,90,0.474609375
standard,899298,899298,91,0.498046875
standard,899298,899298,92,0.5234375
standard,899298,899298,93,0.376953125
standard,899298,899298,94,0.44921875
standard,899298,899298,95,0.455078125
standard,899298,899298,96,0.494140625
standard,899298,899298,97,0.474609375
standard,899298,899298,98,0.4150390625
standard,899298,899298,99,0.4560546875
standard,899298,899298,100,0.470703125
standard,899298,899298,101,0.5205078125
standard,899298,899298,102,0.48046875
standard,899298,899298,103,0.46484375
standard,899298,899298,104,0.470703125
standard,899298,899298,105,0.4462890625
standard,899298,899298,106,0.4541015625
standard,899298,899298,107,0.4697265625
standard,899298,899298,108,0.46484375
standard,899298,899298,109,0.412109375
standard,899298,899298,110,0.46484375
standard,899298,899298,111,0.4873046875
standard,899298,899298,112,0.44140625
standard,899298,899298,113,0.42578125
standard,899298,899298,114,0.4287109375
standard,899298,899298,115,0.52734375
standard,899298,899298,116,0.533203125
standard,899298,899298,117,0.4951171875
standard,899298,899298,118,0.46875
standard,899298,899298,119,0.4697265625
standard,899298,899298,120,0.435546875
standard,899298,899298,121,0.4638671875
standard,899298,899298,122,0.4267578125
standard,899298,899298,123,0.4873046875
standard,899298,899298,124,0.50390625
standard,899298,899298,125,0.4326171875
standard,899298,899298,126,0.48828125
standard,899298,899298,127,0.486328125
standard,899298,899298,128,0.4716796875
standard,899298,899298,129,0.4677734375
standard,899298,899298,130,0.4580078125
standard,899298,899298,131,0.474609375
standard,899298,899298,132,0.4580078125
standard,899298,899298,133,0.5146484375
standard,899298,899298,134,0.466796875
standard,899298,899298,135,0.498046875
standard,899298,899298,136,0.4775390625
standard,899298,899298,137,0.443359375
standard,899298,899298,138,0.4921875
standard,899298,899298,139,0.43359375
standard,899298,899298,140,0.4384765625
standard,899298,899298,141,0.466796875
standard,899298,899298,142,0.4638671875
standard,899298,899298,143,0.4912109375
standard,899298,899298,144,0.51953125
standard,899298,899298,145,0.482421875
standard,899298,899298,146,0.5009765625
standard,899298,899298,147,0.4296875
standard,899298,899298,148,0.513671875
standard,899298,899298,149,0.4853515625
standard,899298,899298,150,0.427734375
standard,899298,899298,151,0.4970703125
standard,899298,899298,152,0.4931640625
standard,899298,899298,153,0.505859375
standard,899298,899298,154,0.5146484375
standard,899298,899298,155,0.4892578125
standard,899298,899298,156,0.478515625
standard,899298,899298,157,0.5224609375
standard,899298,899298,158,0.439453125
standard,899298,899298,159,0.4912109375
standard,899298,899298,160,0.47265625
standard,899298,899298,161,0.4375
standard,899298,899298,162,0.490234375
standard,899298,899298,163,0.5048828125
standard,899298,899298,164,0.4912109375
standard,899298,899298,165,0.478515625
standard,899298,899298,166,0.48046875
standard,899298,899298,167,0.4765625
standard,899298,899298,168,0.470703125
standard,899298,899298,169,0.4736328125
standard,899298,899298,170,0.494140625
standard,899298,899298,171,0.513671875
standard,899298,899298,172,0.470703125
standard,899298,899298,173,0.5
standard,899298,899298,174,0.5078125
standard,899298,899298,175,0.548828125
standard,899298,899298,176,0.4873046875
standard,899298,899298,177,0.4951171875
standard,899298,899298,178,0.4541015625
standard,899298,899298,179,0.4697265625
standard,899298,899298,180,0.4521484375
standard,899298,899298,181,0.4794921875
standard,899298,899298,182,0.4189453125
standard,899298,899298,183,0.5244140625
standard,899298,899298,184,0.474609375
standard,899298,899298,185,0.5380859375
standard,899298,899298,186,0.521484375
standard,899298,899298,187,0.552734375
standard,899298,899298,188,0.46484375
standard,899298,899298,189,0.517578125
standard,899298,899298,190,0.4736328125
standard,899298,899298,191,0.5615234375
standard,899298,899298,192,0.5029296875
standard,899298,899298,193,0.4814453125
standard,899298,899298,194,0.50390625
standard,899298,899298,195,0.4033203125
standard,899298,899298,196,0.4677734375
standard,899298,899298,197,0.443359375
standard,899298,899298,198,0.5009765625
standard,899298,899298,199,0.484375
standard,899298,899298,200,0.466796875
standard,899298,899298,201,0.4765625
standard,899298,899298,202,0.501953125
standard,899298,899298,203,0.548828125
standard,899298,899298,204,0.484375
standard,899298,899298,205,0.5224609375
standard,899298,899298,206,0.525390625
standard,899298,899298,207,0.4658203125
standard,899298,899298,208,0.5263671875
standard,899298,899298,209,0.5478515625
standard,899298,899298,210,0.515625
standard,899298,899298,211,0.50390625
standard,899298,899298,212,0.5546875
standard,899298,899298,213,0.447265625
standard,899298,899298,214,0.4814453125
standard,899298,899298,215,0.447265625
standard,899298,899298,216,0.484375
standard,899298,899298,217,0.4296875
standard,899298,899298,218,0.484375
standard,899298,899298,219,0.4921875
standard,899298,899298,220,0.49609375
standard,899298,899298,221,0.48828125
standard,899298,899298,222,0.5322265625
standard,899298,899298,223,0.48828125
standard,899298,899298,224,0.5498046875
standard,899298,899298,225,0.564453125
standard,899298,899298,226,0.5322265625
standard,899298,899298,227,0.5771484375
standard,899298,899298,228,0.486328125
standard,899298,899298,229,0.4423828125
standard,899298,899298,230,0.537109375
standard,899298,899298,231,0.5322265625
standard,899298,899298,232,0.4794921875
standard,899298,899298,233,0.5107421875
standard,899298,899298,234,0.525390625
standard,899298,899298,235,0.515625
standard,899298,899298,236,0.5126953125
standard,899298,899298,237,0.494140625
standard,899298,899298,238,0.572265625
standard,899298,899298,239,0.505859375
standard,899298,899298,240,0.5361328125
standard,899298,899298,241,0.5185546875
standard,899298,899298,242,0.501953125
standard,899298,899298,243,0.48046875
standard,899298,899298,244,0.5498046875
standard,899298,899298,245,0.5361328125
standard,899298,899298,246,0.48046875
standard,899298,899298,247,0.48828125
standard,899298,899298,248,0.494140625
standard,899298,899298,249,0.552734375
standard,899298,899298,250,0.5224609375
standard,899298,899298,251,0.46484375
standard,899298,899298,252,0.431640625
standard,899298,899298,253,0.5009765625
standard,899298,899298,254,0.4873046875
standard,899298,899298,255,0.50390625
standard,899298,899298,256,0.4404296875
standard,899298,899298,257,0.478515625
standard,899298,899298,258,0.5078125
standard,899298,899298,259,0.4599609375
standard,899298,899298,260,0.44921875
standard,899298,899298,261,0.4560546875
standard,899298,899298,262,0.453125
standard,899298,899298,263,0.494140625
standard,899298,899298,264,0.4833984375
standard,899298,899298,265,0.5166015625
standard,899298,899298,266,0.5478515625
standard,899298,899298,267,0.5146484375
standard,899298,899298,268,0.5205078125
standard,899298,899298,269,0.515625
standard,899298,899298,270,0.5146484375
standard,899298,899298,271,0.537109375
standard,899298,899298,272,0.4970703125
standard,899298,899298,273,0.48828125
standard,899298,899298,274,0.5419921875
standard,899298,899298,275,0.5166015625
standard,899298,899298,276,0.51171875
standard,899298,899298,277,0.5380859375
standard,899298,899298,278,0.484375
standard,899298,899298,279,0.48046875
standard,899298,899298,280,0.4658203125
standard,899298,899298,281,0.5107421875
standard,899298,899298,282,0.5107421875
standard,899298,899298,283,0.513671875
standard,899298,899298,284,0.541015625
standard,899298,899298,285,0.5126953125
standard,899298,899298,286,0.484375
standard,899298,899298,287,0.5107421875
standard,899298,899298,288,0.478515625
standard,899298,899298,289,0.4775390625
standard,899298,899298,290,0.4970703125
standard,899298,899298,291,0.4794921875
standard,899298,899298,292,0.5009765625
standard,899298,899298,293,0.44921875
standard,899298,899298,294,0.484375
standard,899298,899298,295,0.5
standard,899298,899298,296,0.533203125
standard,899298,899298,297,0.51171875
standard,899298,899298,298,0.529296875
standard,899298,899298,299,0.4775390625
standard,899298,899298,300,0.478515625
three_pass,906530,904517-preflight,1,0.376953125
three_pass,906530,904517-preflight,2,0.3447265625
three_pass,906530,906530,3,0.421875
three_pass,906530,906530,4,0.3994140625
three_pass,906530,906530,5,0.3828125
three_pass,906530,906530,6,0.365234375
three_pass,906530,906530,7,0.3837890625
three_pass,906530,906530,8,0.37890625
three_pass,906530,906530,9,0.4501953125
three_pass,906530,906530,10,0.4697265625
three_pass,906530,906530,11,0.3837890625
three_pass,906530,906530,12,0.3974609375
three_pass,906530,906530,13,0.3916015625
three_pass,906530,906530,14,0.380859375
three_pass,906530,906530,15,0.3818359375
three_pass,906530,906530,16,0.3994140625
three_pass,906530,906530,17,0.4267578125
three_pass,906530,906530,18,0.439453125
three_pass,906530,906530,19,0.361328125
three_pass,906530,906530,20,0.4365234375
three_pass,906530,906530,21,0.4169921875
three_pass,906530,906530,22,0.4541015625
three_pass,906530,906530,23,0.4873046875
three_pass,906530,906530,24,0.498046875
three_pass,906530,906530,25,0.4833984375
three_pass,906530,906530,26,0.3671875
three_pass,906530,906530,27,0.4169921875
three_pass,906530,906530,28,0.4033203125
three_pass,906530,906530,29,0.3623046875
three_pass,906530,906530,30,0.412109375
three_pass,906530,906530,31,0.431640625
three_pass,906530,906530,32,0.3837890625
three_pass,906530,906530,33,0.447265625
three_pass,906530,906530,34,0.4501953125
three_pass,906530,906530,35,0.4130859375
three_pass,906530,906530,36,0.4111328125
three_pass,906530,906530,37,0.435546875
three_pass,906530,906530,38,0.41015625
three_pass,906530,906530,39,0.380859375
three_pass,906530,906530,40,0.3896484375
three_pass,906530,906530,41,0.44140625
three_pass,906530,906530,42,0.3798828125
three_pass,906530,906530,43,0.462890625
three_pass,906530,906530,44,0.4794921875
three_pass,906530,906530,45,0.3828125
three_pass,906530,906530,46,0.46484375
three_pass,906530,906530,47,0.4453125
three_pass,906530,906530,48,0.4345703125
three_pass,906530,906530,49,0.416015625
three_pass,906530,906530,50,0.4072265625
three_pass,906530,906530,51,0.4443359375
three_pass,906530,906530,52,0.46875
three_pass,906530,906530,53,0.4912109375
three_pass,906530,906530,54,0.455078125
three_pass,906530,906530,55,0.4130859375
three_pass,906530,906530,56,0.455078125
three_pass,906530,906530,57,0.421875
three_pass,906530,906530,58,0.4072265625
three_pass,906530,906530,59,0.470703125
three_pass,906530,906530,60,0.48046875
three_pass,906530,906530,61,0.4501953125
three_pass,906530,906530,62,0.4970703125
three_pass,906530,906530,63,0.458984375
three_pass,906530,906530,64,0.388671875
three_pass,906530,906530,65,0.44140625
three_pass,906530,906530,66,0.4521484375
three_pass,906530,906530,67,0.482421875
three_pass,906530,906530,68,0.4912109375
three_pass,906530,906530,69,0.4697265625
three_pass,906530,906530,70,0.4716796875
three_pass,906530,906530,71,0.4365234375
three_pass,906530,906530,72,0.4990234375
three_pass,906530,906530,73,0.5087890625
three_pass,906530,906530,74,0.4873046875
three_pass,906530,906530,75,0.4453125
three_pass,906530,906530,76,0.4990234375
three_pass,906530,906530,77,0.416015625
three_pass,906530,906530,78,0.478515625
three_pass,906530,906530,79,0.53125
three_pass,906530,906530,80,0.462890625
three_pass,906530,906530,81,0.5546875
three_pass,906530,906530,82,0.4921875
three_pass,906530,906530,83,0.470703125
three_pass,906530,906530,84,0.427734375
three_pass,906530,906530,85,0.5166015625
three_pass,906530,906530,86,0.484375
three_pass,906530,906530,87,0.533203125
three_pass,906530,906530,88,0.5732421875
three_pass,906530,906530,89,0.4453125
three_pass,906530,906530,90,0.5048828125
three_pass,906530,906530,91,0.501953125
three_pass,906530,906530,92,0.5244140625
three_pass,906530,906530,93,0.4033203125
three_pass,906530,906530,94,0.4609375
three_pass,906530,906530,95,0.4892578125
three_pass,906530,906530,96,0.5009765625
three_pass,906530,906530,97,0.490234375
three_pass,906530,906530,98,0.4267578125
three_pass,906530,906530,99,0.4736328125
three_pass,906530,906530,100,0.4833984375
three_pass,906530,906530,101,0.5498046875
three_pass,906530,906530,102,0.4951171875
three_pass,906530,906530,103,0.5078125
three_pass,906530,906530,104,0.5078125
three_pass,906530,906530,105,0.4697265625
three_pass,906530,906530,106,0.494140625
three_pass,906530,906530,107,0.4970703125
three_pass,906530,906530,108,0.4814453125
three_pass,906530,906530,109,0.45703125
three_pass,906530,906530,110,0.505859375
three_pass,906530,906530,111,0.5009765625
three_pass,906530,906530,112,0.44140625
three_pass,906530,906530,113,0.4560546875
three_pass,906530,906530,114,0.4384765625
three_pass,906530,906530,115,0.5322265625
three_pass,906530,906530,116,0.529296875
three_pass,906530,906530,117,0.5263671875
three_pass,906530,906530,118,0.501953125
three_pass,906530,906530,119,0.4833984375
three_pass,906530,906530,120,0.4794921875
three_pass,906530,906530,121,0.4853515625
three_pass,906530,906530,122,0.4462890625
three_pass,906530,906530,123,0.501953125
three_pass,906530,906530,124,0.521484375
three_pass,906530,906530,125,0.474609375
three_pass,906530,906530,126,0.517578125
three_pass,906530,906530,127,0.515625
three_pass,906530,906530,128,0.4794921875
three_pass,906530,906530,129,0.466796875
three_pass,906530,906530,130,0.4853515625
three_pass,906530,906530,131,0.509765625
three_pass,906530,906530,132,0.4853515625
three_pass,906530,906530,133,0.580078125
three_pass,906530,906530,134,0.515625
three_pass,906530,906530,135,0.52734375
three_pass,906530,906530,136,0.53125
three_pass,906530,906530,137,0.4345703125
three_pass,906530,906530,138,0.5078125
three_pass,906530,906530,139,0.455078125
three_pass,906530,906530,140,0.4755859375
three_pass,906530,906530,141,0.5009765625
three_pass,906530,906530,142,0.484375
three_pass,906530,906530,143,0.513671875
three_pass,906530,906530,144,0.5576171875
three_pass,906530,906530,145,0.5166015625
three_pass,906530,906530,146,0.51953125
three_pass,906530,906530,147,0.47265625
three_pass,906530,906530,148,0.54296875
three_pass,906530,906530,149,0.4931640625
three_pass,906530,906530,150,0.4912109375
three_pass,906530,906530,151,0.48046875
three_pass,906530,906530,152,0.525390625
three_pass,906530,906530,153,0.5517578125
three_pass,906530,906530,154,0.552734375
three_pass,906530,906530,155,0.51171875
three_pass,906530,906530,156,0.5166015625
three_pass,906530,906530,157,0.578125
three_pass,906530,906530,158,0.458984375
three_pass,906530,906530,159,0.5146484375
three_pass,906530,906530,160,0.4833984375
three_pass,906530,906530,161,0.453125
three_pass,906530,906530,162,0.498046875
three_pass,906530,906530,163,0.5380859375
three_pass,906530,906530,164,0.5048828125
three_pass,906530,906530,165,0.5078125
three_pass,906530,906530,166,0.498046875
three_pass,906530,906530,167,0.4873046875
three_pass,906530,906530,168,0.48046875
three_pass,906530,906530,169,0.5009765625
three_pass,906530,906530,170,0.54296875
three_pass,906530,906530,171,0.537109375
three_pass,906530,906530,172,0.5029296875
three_pass,906530,906530,173,0.5205078125
three_pass,906530,906530,174,0.5322265625
three_pass,906530,906530,175,0.552734375
three_pass,906530,906530,176,0.5087890625
three_pass,906530,906530,177,0.5361328125
three_pass,906530,906530,178,0.4658203125
three_pass,906530,906530,179,0.484375
three_pass,906530,906530,180,0.4833984375
three_pass,906530,906530,181,0.498046875
three_pass,906530,906530,182,0.4541015625
three_pass,906530,906530,183,0.546875
three_pass,906530,906530,184,0.50390625
three_pass,906530,906530,185,0.55859375
three_pass,906530,906530,186,0.5517578125
three_pass,906530,906530,187,0.5537109375
three_pass,906530,906530,188,0.4931640625
three_pass,906530,906530,189,0.5498046875
three_pass,906530,906530,190,0.482421875
three_pass,906530,906530,191,0.5849609375
three_pass,906530,906530,192,0.5166015625
three_pass,906530,906530,193,0.4716796875
three_pass,906530,906530,194,0.521484375
three_pass,906530,906530,195,0.44921875
three_pass,906530,906530,196,0.498046875
three_pass,906530,906530,197,0.4443359375
three_pass,906530,906530,198,0.5087890625
three_pass,906530,906530,199,0.51953125
three_pass,906530,906530,200,0.5009765625
three_pass,906530,906530,201,0.4921875
three_pass,906530,906530,202,0.490234375
three_pass,906530,906530,203,0.5517578125
three_pass,906530,906530,204,0.4931640625
three_pass,906530,906530,205,0.5458984375
three_pass,906530,906530,206,0.529296875
three_pass,906530,906530,207,0.4765625
three_pass,906530,906530,208,0.52734375
three_pass,906530,906530,209,0.564453125
three_pass,906530,906530,210,0.5126953125
three_pass,906530,906530,211,0.5322265625
three_pass,906530,906530,212,0.5712890625
three_pass,906530,906530,213,0.4619140625
three_pass,906530,906530,214,0.5068359375
three_pass,906530,906530,215,0.501953125
three_pass,906530,906530,216,0.517578125
three_pass,906530,906530,217,0.494140625
three_pass,906530,906530,218,0.5234375
three_pass,906530,906530,219,0.498046875
three_pass,906530,906530,220,0.544921875
three_pass,906530,906530,221,0.490234375
three_pass,906530,906530,222,0.53125
three_pass,906530,906530,223,0.498046875
three_pass,906530,906530,224,0.5673828125
three_pass,906530,906530,225,0.568359375
three_pass,906530,906530,226,0.5498046875
three_pass,906530,906530,227,0.5791015625
three_pass,906530,906530,228,0.494140625
three_pass,906530,906530,229,0.4482421875
three_pass,906530,906530,230,0.5595703125
three_pass,906530,906530,231,0.5517578125
three_pass,906530,906530,232,0.525390625
three_pass,906530,906530,233,0.5546875
three_pass,906530,906530,234,0.53125
three_pass,906530,906530,235,0.5478515625
three_pass,906530,906530,236,0.5166015625
three_pass,906530,906530,237,0.4912109375
three_pass,906530,906530,238,0.5830078125
three_pass,906530,906530,239,0.51953125
three_pass,906530,906530,240,0.5654296875
three_pass,906530,906530,241,0.544921875
three_pass,906530,906530,242,0.5263671875
three_pass,906530,906530,243,0.529296875
three_pass,906530,906530,244,0.580078125
three_pass,906530,906530,245,0.5771484375
three_pass,906530,906530,246,0.5
three_pass,906530,906530,247,0.5048828125
three_pass,906530,906530,248,0.5068359375
three_pass,906530,906530,249,0.572265625
three_pass,906530,906530,250,0.521484375
three_pass,906530,906530,251,0.470703125
three_pass,906530,906530,252,0.4453125
three_pass,906530,906530,253,0.513671875
three_pass,906530,906530,254,0.4970703125
three_pass,906530,906530,255,0.513671875
three_pass,906530,906530,256,0.4658203125
three_pass,906530,906530,257,0.4892578125
three_pass,906530,906530,258,0.537109375
three_pass,906530,906530,259,0.4677734375
three_pass,906530,906530,260,0.490234375
three_pass,906530,906530,261,0.4990234375
three_pass,906530,906530,262,0.4755859375
three_pass,906530,906530,263,0.52734375
three_pass,906530,906530,264,0.5126953125
three_pass,906530,906530,265,0.5546875
three_pass,906530,906530,266,0.5908203125
three_pass,906530,906530,267,0.5390625
three_pass,906530,906530,268,0.552734375
three_pass,906530,906530,269,0.53515625
three_pass,906530,906530,270,0.5556640625
three_pass,906530,906530,271,0.55859375
three_pass,906530,906530,272,0.5126953125
three_pass,906530,906530,273,0.5322265625
three_pass,906530,906530,274,0.5859375
three_pass,906530,906530,275,0.52734375
three_pass,906530,906530,276,0.5439453125
three_pass,906530,906530,277,0.58203125
three_pass,906530,906530,278,0.529296875
three_pass,906530,906530,279,0.5048828125
three_pass,906530,906530,280,0.5107421875
three_pass,906530,906530,281,0.5283203125
three_pass,906530,906530,282,0.53515625
three_pass,906530,906530,283,0.541015625
three_pass,906530,906530,284,0.56640625
three_pass,906530,906530,285,0.5341796875
three_pass,906530,906530,286,0.4794921875
three_pass,906530,906530,287,0.52734375
three_pass,906530,906530,288,0.498046875
three_pass,906530,906530,289,0.49609375
three_pass,906530,906530,290,0.5234375
three_pass,906530,906530,291,0.521484375
three_pass,906530,906530,292,0.5234375
three_pass,906530,906530,293,0.462890625
three_pass,906530,906530,294,0.515625
three_pass,906530,906530,295,0.51171875
three_pass,906530,906530,296,0.529296875
three_pass,906530,906530,297,0.541015625
three_pass,906530,906530,298,0.54296875
three_pass,906530,906530,299,0.51953125
three_pass,906530,906530,300,0.470703125
hidden_replay,906531,904906-preflight,1,0.3701171875
hidden_replay,906531,904906-preflight,2,0.3369140625
hidden_replay,906531,906531,3,0.43359375
hidden_replay,906531,906531,4,0.39453125
hidden_replay,906531,906531,5,0.3701171875
hidden_replay,906531,906531,6,0.36328125
hidden_replay,906531,906531,7,0.3837890625
hidden_replay,906531,906531,8,0.3798828125
hidden_replay,906531,906531,9,0.453125
hidden_replay,906531,906531,10,0.46484375
hidden_replay,906531,906531,11,0.3720703125
hidden_replay,906531,906531,12,0.384765625
hidden_replay,906531,906531,13,0.4033203125
hidden_replay,906531,906531,14,0.375
hidden_replay,906531,906531,15,0.3779296875
hidden_replay,906531,906531,16,0.4013671875
hidden_replay,906531,906531,17,0.4296875
hidden_replay,906531,906531,18,0.427734375
hidden_replay,906531,906531,19,0.3935546875
hidden_replay,906531,906531,20,0.447265625
hidden_replay,906531,906531,21,0.4130859375
hidden_replay,906531,906531,22,0.453125
hidden_replay,906531,906531,23,0.47265625
hidden_replay,906531,906531,24,0.470703125
hidden_replay,906531,906531,25,0.48046875
hidden_replay,906531,906531,26,0.3798828125
hidden_replay,906531,906531,27,0.3857421875
hidden_replay,906531,906531,28,0.4013671875
hidden_replay,906531,906531,29,0.3603515625
hidden_replay,906531,906531,30,0.39453125
hidden_replay,906531,906531,31,0.41015625
hidden_replay,906531,906531,32,0.3876953125
hidden_replay,906531,906531,33,0.439453125
hidden_replay,906531,906531,34,0.4599609375
hidden_replay,906531,906531,35,0.4189453125
hidden_replay,906531,906531,36,0.40234375
hidden_replay,906531,906531,37,0.4306640625
hidden_replay,906531,906531,38,0.4296875
hidden_replay,906531,906531,39,0.38671875
hidden_replay,906531,906531,40,0.408203125
hidden_replay,906531,906531,41,0.443359375
hidden_replay,906531,906531,42,0.3798828125
hidden_replay,906531,906531,43,0.4521484375
hidden_replay,906531,906531,44,0.4765625
hidden_replay,906531,906531,45,0.376953125
hidden_replay,906531,906531,46,0.4716796875
hidden_replay,906531,906531,47,0.4287109375
hidden_replay,906531,906531,48,0.451171875
hidden_replay,906531,906531,49,0.4462890625
hidden_replay,906531,906531,50,0.416015625
hidden_replay,906531,906531,51,0.447265625
hidden_replay,906531,906531,52,0.4716796875
hidden_replay,906531,906531,53,0.5048828125
hidden_replay,906531,906531,54,0.4443359375
hidden_replay,906531,906531,55,0.4228515625
hidden_replay,906531,906531,56,0.46875
hidden_replay,906531,906531,57,0.43359375
hidden_replay,906531,906531,58,0.4091796875
hidden_replay,906531,906531,59,0.4873046875
hidden_replay,906531,906531,60,0.484375
hidden_replay,906531,906531,61,0.4365234375
hidden_replay,906531,906531,62,0.5009765625
hidden_replay,906531,906531,63,0.4501953125
hidden_replay,906531,906531,64,0.392578125
hidden_replay,906531,906531,65,0.4697265625
hidden_replay,906531,906531,66,0.4541015625
hidden_replay,906531,906531,67,0.4892578125
hidden_replay,906531,906531,68,0.517578125
hidden_replay,906531,906531,69,0.470703125
hidden_replay,906531,906531,70,0.4638671875
hidden_replay,906531,906531,71,0.4384765625
hidden_replay,906531,906531,72,0.49609375
hidden_replay,906531,906531,73,0.4970703125
hidden_replay,906531,906531,74,0.4931640625
hidden_replay,906531,906531,75,0.439453125
hidden_replay,906531,906531,76,0.513671875
hidden_replay,906531,906531,77,0.439453125
hidden_replay,906531,906531,78,0.478515625
hidden_replay,906531,906531,79,0.54296875
hidden_replay,906531,906531,80,0.46875
hidden_replay,906531,906531,81,0.580078125
hidden_replay,906531,906531,82,0.5
hidden_replay,906531,906531,83,0.462890625
hidden_replay,906531,906531,84,0.4326171875
hidden_replay,906531,906531,85,0.5146484375
hidden_replay,906531,906531,86,0.4990234375
hidden_replay,906531,906531,87,0.5244140625
hidden_replay,906531,906531,88,0.576171875
hidden_replay,906531,906531,89,0.453125
hidden_replay,906531,906531,90,0.51171875
hidden_replay,906531,906531,91,0.4814453125
hidden_replay,906531,906531,92,0.5341796875
hidden_replay,906531,906531,93,0.41015625
hidden_replay,906531,906531,94,0.484375
hidden_replay,906531,906531,95,0.5107421875
hidden_replay,906531,906531,96,0.5078125
hidden_replay,906531,906531,97,0.5087890625
hidden_replay,906531,906531,98,0.4287109375
hidden_replay,906531,906531,99,0.458984375
hidden_replay,906531,906531,100,0.474609375
hidden_replay,906531,906531,101,0.5537109375
hidden_replay,906531,906531,102,0.48046875
hidden_replay,906531,906531,103,0.5087890625
hidden_replay,906531,906531,104,0.51171875
hidden_replay,906531,906531,105,0.458984375
hidden_replay,906531,906531,106,0.4814453125
hidden_replay,906531,906531,107,0.4912109375
hidden_replay,906531,906531,108,0.478515625
hidden_replay,906531,906531,109,0.4404296875
hidden_replay,906531,906531,110,0.501953125
hidden_replay,906531,906531,111,0.501953125
hidden_replay,906531,906531,112,0.44140625
hidden_replay,906531,906531,113,0.447265625
hidden_replay,906531,906531,114,0.44921875
hidden_replay,906531,906531,115,0.525390625
hidden_replay,906531,906531,116,0.5439453125
hidden_replay,906531,906531,117,0.51171875
hidden_replay,906531,906531,118,0.484375
hidden_replay,906531,906531,119,0.4912109375
hidden_replay,906531,906531,120,0.462890625
hidden_replay,906531,906531,121,0.48046875
hidden_replay,906531,906531,122,0.4580078125
hidden_replay,906531,906531,123,0.509765625
hidden_replay,906531,906531,124,0.5205078125
hidden_replay,906531,906531,125,0.4716796875
hidden_replay,906531,906531,126,0.5107421875
hidden_replay,906531,906531,127,0.5126953125
hidden_replay,906531,906531,128,0.4736328125
hidden_replay,906531,906531,129,0.4716796875
hidden_replay,906531,906531,130,0.51171875
hidden_replay,906531,906531,131,0.5
hidden_replay,906531,906531,132,0.4853515625
hidden_replay,906531,906531,133,0.57421875
hidden_replay,906531,906531,134,0.5078125
hidden_replay,906531,906531,135,0.517578125
hidden_replay,906531,906531,136,0.4912109375
hidden_replay,906531,906531,137,0.4638671875
hidden_replay,906531,906531,138,0.5029296875
hidden_replay,906531,906531,139,0.4638671875
hidden_replay,906531,906531,140,0.4697265625
hidden_replay,906531,906531,141,0.4853515625
hidden_replay,906531,906531,142,0.51171875
hidden_replay,906531,906531,143,0.5068359375
hidden_replay,906531,906531,144,0.5625
hidden_replay,906531,906531,145,0.5234375
hidden_replay,906531,906531,146,0.5185546875
hidden_replay,906531,906531,147,0.4736328125
hidden_replay,906531,906531,148,0.54296875
hidden_replay,906531,906531,149,0.490234375
hidden_replay,906531,906531,150,0.4775390625
hidden_replay,906531,906531,151,0.482421875
hidden_replay,906531,906531,152,0.5302734375
hidden_replay,906531,906531,153,0.5439453125
hidden_replay,906531,906531,154,0.5498046875
hidden_replay,906531,906531,155,0.5244140625
hidden_replay,906531,906531,156,0.5068359375
hidden_replay,906531,906531,157,0.5751953125
hidden_replay,906531,906531,158,0.4697265625
hidden_replay,906531,906531,159,0.517578125
hidden_replay,906531,906531,160,0.484375
hidden_replay,906531,906531,161,0.451171875
hidden_replay,906531,906531,162,0.5068359375
hidden_replay,906531,906531,163,0.544921875
hidden_replay,906531,906531,164,0.5087890625
hidden_replay,906531,906531,165,0.5087890625
hidden_replay,906531,906531,166,0.4970703125
hidden_replay,906531,906531,167,0.50390625
hidden_replay,906531,906531,168,0.4912109375
hidden_replay,906531,906531,169,0.5009765625
hidden_replay,906531,906531,170,0.52734375
hidden_replay,906531,906531,171,0.5234375
hidden_replay,906531,906531,172,0.49609375
hidden_replay,906531,906531,173,0.5146484375
hidden_replay,906531,906531,174,0.5361328125
hidden_replay,906531,906531,175,0.55859375
hidden_replay,906531,906531,176,0.517578125
hidden_replay,906531,906531,177,0.537109375
hidden_replay,906531,906531,178,0.4697265625
hidden_replay,906531,906531,179,0.478515625
hidden_replay,906531,906531,180,0.4912109375
hidden_replay,906531,906531,181,0.5068359375
hidden_replay,906531,906531,182,0.4482421875
hidden_replay,906531,906531,183,0.5390625
hidden_replay,906531,906531,184,0.4912109375
hidden_replay,906531,906531,185,0.552734375
hidden_replay,906531,906531,186,0.5361328125
hidden_replay,906531,906531,187,0.552734375
hidden_replay,906531,906531,188,0.486328125
hidden_replay,906531,906531,189,0.54296875
hidden_replay,906531,906531,190,0.47265625
hidden_replay,906531,906531,191,0.5888671875
hidden_replay,906531,906531,192,0.515625
hidden_replay,906531,906531,193,0.4921875
hidden_replay,906531,906531,194,0.541015625
hidden_replay,906531,906531,195,0.4404296875
hidden_replay,906531,906531,196,0.4970703125
hidden_replay,906531,906531,197,0.455078125
hidden_replay,906531,906531,198,0.5166015625
hidden_replay,906531,906531,199,0.525390625
hidden_replay,906531,906531,200,0.494140625
hidden_replay,906531,906531,201,0.4990234375
hidden_replay,906531,906531,202,0.4833984375
hidden_replay,906531,906531,203,0.556640625
hidden_replay,906531,906531,204,0.4970703125
hidden_replay,906531,906531,205,0.55078125
hidden_replay,906531,906531,206,0.5244140625
hidden_replay,906531,906531,207,0.4765625
hidden_replay,906531,906531,208,0.544921875
hidden_replay,906531,906531,209,0.5634765625
hidden_replay,906531,906531,210,0.5068359375
hidden_replay,906531,906531,211,0.5419921875
hidden_replay,906531,906531,212,0.5810546875
hidden_replay,906531,906531,213,0.4814453125
hidden_replay,906531,906531,214,0.5107421875
hidden_replay,906531,906531,215,0.4990234375
hidden_replay,906531,906531,216,0.517578125
hidden_replay,906531,906531,217,0.486328125
hidden_replay,906531,906531,218,0.5322265625
hidden_replay,906531,906531,219,0.4970703125
hidden_replay,906531,906531,220,0.5419921875
hidden_replay,906531,906531,221,0.48046875
hidden_replay,906531,906531,222,0.5283203125
hidden_replay,906531,906531,223,0.4873046875
hidden_replay,906531,906531,224,0.583984375
hidden_replay,906531,906531,225,0.6044921875
hidden_replay,906531,906531,226,0.546875
hidden_replay,906531,906531,227,0.5849609375
hidden_replay,906531,906531,228,0.47265625
hidden_replay,906531,906531,229,0.4404296875
hidden_replay,906531,906531,230,0.556640625
hidden_replay,906531,906531,231,0.529296875
hidden_replay,906531,906531,232,0.53125
hidden_replay,906531,906531,233,0.5419921875
hidden_replay,906531,906531,234,0.53515625
hidden_replay,906531,906531,235,0.5419921875
hidden_replay,906531,906531,236,0.5419921875
hidden_replay,906531,906531,237,0.498046875
hidden_replay,906531,906531,238,0.5849609375
hidden_replay,906531,906531,239,0.5361328125
hidden_replay,906531,906531,240,0.5517578125
hidden_replay,906531,906531,241,0.5224609375
hidden_replay,906531,906531,242,0.54296875
hidden_replay,906531,906531,243,0.5185546875
hidden_replay,906531,906531,244,0.580078125
hidden_replay,906531,906531,245,0.587890625
hidden_replay,906531,906531,246,0.5146484375
hidden_replay,906531,906531,247,0.4912109375
hidden_replay,906531,906531,248,0.5048828125
hidden_replay,906531,906531,249,0.5791015625
hidden_replay,906531,906531,250,0.5224609375
hidden_replay,906531,906531,251,0.4853515625
hidden_replay,906531,906531,252,0.447265625
hidden_replay,906531,906531,253,0.5166015625
hidden_replay,906531,906531,254,0.513671875
hidden_replay,906531,906531,255,0.5087890625
hidden_replay,906531,906531,256,0.466796875
hidden_replay,906531,906531,257,0.5029296875
hidden_replay,906531,906531,258,0.5126953125
hidden_replay,906531,906531,259,0.4755859375
hidden_replay,906531,906531,260,0.49609375
hidden_replay,906531,906531,261,0.4912109375
hidden_replay,906531,906531,262,0.4990234375
hidden_replay,906531,906531,263,0.51171875
hidden_replay,906531,906531,264,0.5205078125
hidden_replay,906531,906531,265,0.5458984375
hidden_replay,906531,906531,266,0.5810546875
hidden_replay,906531,906531,267,0.525390625
hidden_replay,906531,906531,268,0.5458984375
hidden_replay,906531,906531,269,0.5478515625
hidden_replay,906531,906531,270,0.5390625
hidden_replay,906531,906531,271,0.5849609375
hidden_replay,906531,906531,272,0.515625
hidden_replay,906531,906531,273,0.5302734375
hidden_replay,906531,906531,274,0.546875
hidden_replay,906531,906531,275,0.55078125
hidden_replay,906531,906531,276,0.53125
hidden_replay,906531,906531,277,0.5771484375
hidden_replay,906531,906531,278,0.5380859375
hidden_replay,906531,906531,279,0.490234375
hidden_replay,906531,906531,280,0.4990234375
hidden_replay,906531,906531,281,0.5322265625
hidden_replay,906531,906531,282,0.53125
hidden_replay,906531,906531,283,0.5419921875
hidden_replay,906531,906531,284,0.5498046875
hidden_replay,906531,906531,285,0.5419921875
hidden_replay,906531,906531,286,0.4775390625
hidden_replay,906531,906531,287,0.556640625
hidden_replay,906531,906531,288,0.486328125
hidden_replay,906531,906531,289,0.4951171875
hidden_replay,906531,906531,290,0.525390625
hidden_replay,906531,906531,291,0.51171875
hidden_replay,906531,906531,292,0.5224609375
hidden_replay,906531,906531,293,0.4775390625
hidden_replay,906531,906531,294,0.5107421875
hidden_replay,906531,906531,295,0.494140625
hidden_replay,906531,906531,296,0.515625
hidden_replay,906531,906531,297,0.552734375
hidden_replay,906531,906531,298,0.552734375
hidden_replay,906531,906531,299,0.5263671875
hidden_replay,906531,906531,300,0.4931640625
